{"cameraMode":{"drawMode":0,"name":"Shaded","section":"Shading Mode"},"sceneLighting":true,"audioPlay":false,"sceneViewState":{"m_AlwaysRefresh":false,"showFog":true,"showSkybox":true,"showFlares":true,"showImageEffects":true,"showParticleSystems":true,"showVisualEffectGraphs":true,"m_FxEnabled":true},"in2DMode":false,"pivot":{"x":0.050999999046325687,"y":1.309999942779541,"z":-1.0199999809265137},"rotation":{"x":-0.1285451203584671,"y":-0.6880439519882202,"z":0.12588848173618318,"w":-0.7030894160270691},"size":49.94633865356445,"orthographic":false}