{"cameraMode":{"drawMode":0,"name":"Shaded","section":"Shading Mode"},"sceneLighting":true,"audioPlay":false,"sceneViewState":{"m_AlwaysRefresh":false,"showFog":true,"showSkybox":true,"showFlares":true,"showImageEffects":true,"showParticleSystems":true,"showVisualEffectGraphs":true,"m_FxEnabled":true},"in2DMode":false,"pivot":{"x":0.050999999046325687,"y":1.309999942779541,"z":-1.0199999809265137},"rotation":{"x":-0.07217962294816971,"y":-0.9261635541915894,"z":0.23137466609477998,"w":-0.28892654180526736},"size":1.3519726991653443,"orthographic":false}