{"cameraMode":{"drawMode":0,"name":"Shaded","section":"Shading Mode"},"sceneLighting":false,"audioPlay":false,"sceneViewState":{"m_AlwaysRefresh":false,"showFog":true,"showSkybox":false,"showFlares":true,"showImageEffects":true,"showParticleSystems":true,"showVisualEffectGraphs":true,"m_FxEnabled":true},"in2DMode":false,"pivot":{"x":0.2530713677406311,"y":-0.10221299529075623,"z":-3.85424542427063},"rotation":{"x":0.16642659902572633,"y":-0.7211254835128784,"z":0.18567055463790894,"w":0.6463830471038818},"size":0.25980767607688906,"orthographic":false}