{"cameraMode":{"drawMode":0,"name":"Shaded","section":"Shading Mode"},"sceneLighting":false,"audioPlay":false,"sceneViewState":{"m_AlwaysRefresh":false,"showFog":true,"showSkybox":false,"showFlares":true,"showImageEffects":true,"showParticleSystems":true,"showVisualEffectGraphs":true,"m_FxEnabled":true},"in2DMode":false,"pivot":{"x":-0.05474567413330078,"y":0.5196703672409058,"z":-9.058494567871094},"rotation":{"x":0.11274638026952744,"y":-0.835028350353241,"z":0.18604224920272828,"w":0.5052363872528076},"size":4.0138325691223148,"orthographic":false}